{
  "lastUpdated": "2025-03-06",
  "sponsors": {
    "0110": [
      "01-10 Architecten BV"
    ],
    "050media": [
      "050media"
    ],
    "073": [
      "073 Meeting Company BV"
    ],
    "100": [
      "100 Grams BV",
      "100grams"
    ],
    "10x": [
      "10X Genomics BV"
    ],
    "12build": [
      "12Build Sales BV",
      "12Build"
    ],
    "180": [
      "180 Amsterdam BV",
      "180 Global "
    ],
    "2": [
      "2 Getthere BV",
      "2 Getthere Holding BV",
      "2getthere, a company of ZF"
    ]
  }
